ranges, angle_increment, stamp, 
[2.385570526123047, 2.054316282272339, 1.8101310729980469, 1.5875226259231567, 1.4287253618240356, 1.2920541763305664, 1.20771324634552, 1.1147871017456055, 1.04269540309906, 0.9697975516319275, 0.8913052678108215, 0.8503714799880981, 0.8123976588249207, 0.7633568644523621, 0.7300152778625488, 0.6819387078285217, 0.6451500654220581, 0.6280476450920105, 0.6138021349906921, 0.597981333732605, 0.5657245516777039, 0.5518975853919983, 0.5195655226707458, 0.5145477652549744, 0.49426114559173584, 0.46953004598617554, 0.49703535437583923, 0.4619586765766144, 0.4489005208015442, 0.44678589701652527, 0.4441356956958771, 0.41389620304107666, 0.4229618310928345, 0.4007270336151123, 0.3906986117362976, 0.38890939950942993, 0.3896574378013611, 0.3563503623008728, 0.37036579847335815, 0.33506354689598083, 0.353441059589386, 0.3358514606952667, 0.3295016884803772, 0.3408151865005493, 0.3353721499443054, 0.3156430125236511, 0.3229425549507141, 0.31593725085258484, 0.29529640078544617, 0.2984468936920166, 0.3038903474807739, 0.2851879894733429, 0.2973145544528961, 0.28790226578712463, 0.3002963662147522, 0.27325648069381714, 0.306228905916214, 0.2823382616043091, 0.28297746181488037, 0.26356080174446106, 0.26091426610946655, 0.2579611837863922, 0.2636963725090027, 0.2633167505264282, 0.2618175446987152, 0.27575260400772095, 0.266792893409729, 0.2613339126110077, 0.2573840618133545, 0.2654785215854645, 0.27363482117652893, 0.26254621148109436, 0.25552764534950256, 0.2691080868244171, 0.25069600343704224, 0.2573149800300598, 0.2706090211868286, 0.2566196918487549, 0.2604961693286896, 0.2625660300254822, 0.2540183961391449, 0.23867470026016235, 0.25448980927467346, 0.2701590955257416, 0.2692987620830536, 0.2598251700401306, 0.26739779114723206, 0.24005520343780518, 0.2744872570037842, 0.25052887201309204, 0.25900304317474365, 0.2555989623069763, 0.24151656031608582, 0.25669369101524353, 0.2619558274745941, 0.27713069319725037, 0.2624858319759369, 0.2518431544303894, 0.2460770308971405, 0.2493714839220047, 0.26478302478790283, 0.26914337277412415, 0.26211708784103394, 0.27637845277786255, 0.2777141332626343, 0.2896052300930023, 0.2804899513721466, 0.26439592242240906, 0.27342352271080017, 0.2905906140804291, 0.2704869508743286, 0.27555936574935913, 0.289432555437088, 0.2974606156349182, 0.28914138674736023, 0.2813904583454132, 0.28881508111953735, 0.3042077124118805, 0.28859445452690125, 0.3066755533218384, 0.3263137936592102, 0.31458139419555664, 0.34673988819122314, 0.3240872323513031, 0.34151163697242737, 0.322111576795578, 0.3549230098724365, 0.3487674593925476, 0.3538985252380371, 0.3581927716732025, 0.38069429993629456, 0.3749627470970154, 0.36995744705200195, 0.38770660758018494, 0.40761280059814453, 0.40022414922714233, 0.3960844874382019, 0.42551931738853455, 0.4353506863117218, 0.4324527084827423, 0.44361722469329834, 0.46354177594184875, 0.4557643532752991, 0.4997439384460449, 0.49996623396873474, 0.5121736526489258, 0.5353847146034241, 0.5677673816680908, 0.5800988078117371, 0.598637580871582, 0.6162562370300293, 0.6718382835388184, 0.6728971600532532, 0.7062018513679504, 0.7342901229858398, 0.7977181077003479, 0.8141149878501892, 0.8734897375106812, 0.9164260029792786, 0.9792290925979614, 1.065651297569275, 1.168087124824524, 1.2544598579406738, 1.3535727262496948, 1.5035960674285889, 1.6727875471115112, 1.8882588148117065, 2.1701223850250244, 2.5475640296936035, 3.0563058853149414, 3.065204381942749, 3.031020402908325, 3.0526177883148193, 3.0355453491210938, 3.0397355556488037, 3.0541019439697266, 3.060396432876587, 3.0443222522735596, 3.0502121448516846, 3.054710626602173, 3.0684728622436523, 3.0702974796295166, 3.0787572860717773, 3.0799880027770996, 3.0936505794525146, 3.0916006565093994, 3.120164632797241, 3.160653829574585, 3.14426589012146, 3.149789333343506, 3.1918718814849854, 3.182231903076172, 3.2016241550445557, 3.2308831214904785, 3.2677459716796875, 3.282581329345703, 3.3025383949279785, 3.317723274230957, 3.3231475353240967, 3.373161792755127, 3.406243085861206, 3.4280006885528564, 3.4574460983276367, 2.8743410110473633], 0.01749303564429283, 7005000000, 
[2.3891239166259766, 2.026078701019287, 1.7781025171279907, 1.5920138359069824, 1.4438680410385132, 1.3163985013961792, 1.183868646621704, 1.112069010734558, 1.0324479341506958, 0.97014981508255, 0.9000663161277771, 0.8339212536811829, 0.8109433054924011, 0.7581427693367004, 0.7406088709831238, 0.7080422639846802, 0.6748533844947815, 0.6486901044845581, 0.6090047955513, 0.5880919694900513, 0.5641597509384155, 0.5569567680358887, 0.5453141331672668, 0.5214017033576965, 0.50254225730896, 0.47604990005493164, 0.4743818938732147, 0.4357495903968811, 0.4360400438308716, 0.446469247341156, 0.4257281422615051, 0.4198217988014221, 0.41186147928237915, 0.3933693766593933, 0.38542643189430237, 0.3826322853565216, 0.35107287764549255, 0.34410586953163147, 0.3735223114490509, 0.3421103358268738, 0.3619588017463684, 0.3232722282409668, 0.32426995038986206, 0.34260377287864685, 0.3244011402130127, 0.33368220925331116, 0.32094109058380127, 0.30549755692481995, 0.31118959188461304, 0.30237194895744324, 0.2980329692363739, 0.29693299531936646, 0.27014607191085815, 0.2886810004711151, 0.2936985492706299, 0.2999781668186188, 0.28380000591278076, 0.2792544662952423, 0.2814401388168335, 0.27155008912086487, 0.2604540288448334, 0.2765272855758667, 0.24628716707229614, 0.2772778272628784, 0.2697964608669281, 0.2705332636833191, 0.2458714097738266, 0.2639189064502716, 0.26270923018455505, 0.2591301500797272, 0.2752216160297394, 0.24923774600028992, 0.2522708475589752, 0.2527112066745758, 0.25425538420677185, 0.2725335359573364, 0.2545473277568817, 0.24241317808628082, 0.25532978773117065, 0.2689095139503479, 0.2624536454677582, 0.24955685436725616, 0.2374807596206665, 0.26930519938468933, 0.251038134098053, 0.25139573216438293, 0.2480001151561737, 0.2621771991252899, 0.2401617467403412, 0.24351130425930023, 0.2290458083152771, 0.2730008363723755, 0.25115618109703064, 0.26959455013275146, 0.24872678518295288, 0.2543993592262268, 0.26828134059906006, 0.2589508593082428, 0.24377937614917755, 0.26330575346946716, 0.285812646150589, 0.2627161741256714, 0.2633591890335083, 0.26204177737236023, 0.2743654251098633, 0.2852455675601959, 0.2763330340385437, 0.2729025185108185, 0.2638170123100281, 0.294309139251709, 0.26915815472602844, 0.2765751779079437, 0.2940807044506073, 0.2867881655693054, 0.29578712582588196, 0.2956748306751251, 0.29570674896240234, 0.3152107000350952, 0.2952227294445038, 0.30064496397972107, 0.2939792573451996, 0.32029154896736145, 0.32112547755241394, 0.330043226480484, 0.32220259308815, 0.3443722426891327, 0.32987290620803833, 0.35150519013404846, 0.339655339717865, 0.35431811213493347, 0.3475372791290283, 0.36708804965019226, 0.37103477120399475, 0.37091708183288574, 0.37897881865501404, 0.396405965089798, 0.4105372726917267, 0.4077410101890564, 0.45036038756370544, 0.4499672055244446, 0.42631497979164124, 0.4557431936264038, 0.4643499255180359, 0.4863378703594208, 0.5008009672164917, 0.5086580514907837, 0.5519055128097534, 0.5615569353103638, 0.5958034992218018, 0.5726849436759949, 0.6551946401596069, 0.6604440212249756, 0.6950030326843262, 0.7262955904006958, 0.7472273111343384, 0.7686892151832581, 0.83394855260849, 0.8744404315948486, 0.9331641793251038, 0.9880268573760986, 1.0449309349060059, 1.1329225301742554, 1.2487869262695312, 1.374959945678711, 1.4889631271362305, 1.673505425453186, 1.8935071229934692, 2.1590607166290283, 2.5803704261779785, 3.050088882446289, 3.061378002166748, 3.04270076751709, 3.066150665283203, 3.0407252311706543, 3.0439951419830322, 3.023477077484131, 3.0317561626434326, 3.0631461143493652, 3.0590860843658447, 3.0596137046813965, 3.0533974170684814, 3.074201822280884, 3.078489065170288, 3.1027626991271973, 3.1040937900543213, 3.113142490386963, 3.1248247623443604, 3.1365840435028076, 3.1683943271636963, 3.1640918254852295, 3.164562463760376, 3.1961870193481445, 3.2053091526031494, 3.2253236770629883, 3.2732057571411133, 3.279569149017334, 3.2940855026245117, 3.3351263999938965, 3.3525359630584717, 3.3552603721618652, 3.397247076034546, 3.441948175430298, 3.450713634490967, 2.8797318935394287], 0.01749303564429283, 7205000000, 
[2.406109571456909, 2.041698932647705, 1.7942533493041992, 1.5839773416519165, 1.4326341152191162, 1.308672308921814, 1.211517095565796, 1.115751028060913, 1.0295865535736084, 0.9574902653694153, 0.9015030860900879, 0.8491835594177246, 0.8060792088508606, 0.7719518542289734, 0.7270715236663818, 0.6782811284065247, 0.6748064756393433, 0.631737232208252, 0.6230608224868774, 0.5792289972305298, 0.5636410117149353, 0.5535239577293396, 0.5233703255653381, 0.5306874513626099, 0.4986698031425476, 0.48172685503959656, 0.45444825291633606, 0.46688351035118103, 0.45369794964790344, 0.44476252794265747, 0.4239142835140228, 0.4250665009021759, 0.41496405005455017, 0.3938313126564026, 0.3908984363079071, 0.374444842338562, 0.3763236105442047, 0.36095964908599854, 0.35217371582984924, 0.3209569752216339, 0.3507833182811737, 0.3389248847961426, 0.3313560485839844, 0.33196577429771423, 0.3462689518928528, 0.3274988532066345, 0.34454602003097534, 0.3143828511238098, 0.30396878719329834, 0.2956448495388031, 0.31216856837272644, 0.2791961133480072, 0.29021531343460083, 0.2786867022514343, 0.2594592571258545, 0.28567996621131897, 0.2756466567516327, 0.29133135080337524, 0.27937576174736023, 0.28425630927085876, 0.2719835042953491, 0.27213239669799805, 0.26569339632987976, 0.263561487197876, 0.2660043239593506, 0.27525103092193604, 0.25636282563209534, 0.27493903040885925, 0.2674245834350586, 0.257362961769104, 0.26584020256996155, 0.25791996717453003, 0.2550722062587738, 0.25851860642433167, 0.2599748373031616, 0.2578282058238983, 0.2527640461921692, 0.25660136342048645, 0.24928288161754608, 0.24295873939990997, 0.2542437016963959, 0.23661860823631287, 0.25209739804267883, 0.2416486144065857, 0.24819089472293854, 0.24013666808605194, 0.24458472430706024, 0.25916174054145813, 0.23998235166072845, 0.248310387134552, 0.24088773131370544, 0.24250565469264984, 0.26582613587379456, 0.2523195445537567, 0.2495705783367157, 0.2619333267211914, 0.2535306215286255, 0.2624920904636383, 0.24268530309200287, 0.2608585059642792, 0.2695011496543884, 0.2509032189846039, 0.2550535798072815, 0.2738319933414459, 0.2730723023414612, 0.2668628990650177, 0.2659316062927246, 0.2715173661708832, 0.2810893952846527, 0.2898716926574707, 0.266960084438324, 0.29109257459640503, 0.28501081466674805, 0.2666730582714081, 0.27948668599128723, 0.27546605467796326, 0.29831743240356445, 0.3159094452857971, 0.3024607002735138, 0.30774497985839844, 0.2974209487438202, 0.31601518392562866, 0.3224499523639679, 0.30815768241882324, 0.32992592453956604, 0.32083141803741455, 0.322518527507782, 0.33379289507865906, 0.35040831565856934, 0.35156846046447754, 0.3616553843021393, 0.3631150722503662, 0.362944632768631, 0.385614812374115, 0.4010965824127197, 0.41468748450279236, 0.4168991446495056, 0.4145146906375885, 0.4274970293045044, 0.4363919496536255, 0.44516220688819885, 0.4684528112411499, 0.48402139544487, 0.5063400268554688, 0.514319658279419, 0.5243129134178162, 0.5292157530784607, 0.5689388513565063, 0.5841946601867676, 0.5969440937042236, 0.624069094657898, 0.6599897742271423, 0.6900659203529358, 0.7215688824653625, 0.7489994764328003, 0.7723076343536377, 0.8088449835777283, 0.880835771560669, 0.9307422637939453, 1.006027340888977, 1.0595098733901978, 1.150002360343933, 1.2523874044418335, 1.361527919769287, 1.5010730028152466, 1.6641714572906494, 1.8711810111999512, 2.1799731254577637, 2.5431790351867676, 3.0371785163879395, 3.061147928237915, 3.0373005867004395, 3.038881301879883, 3.040208578109741, 3.0550038814544678, 3.0514979362487793, 3.034532070159912, 3.0477795600891113, 3.0512568950653076, 3.068546772003174, 3.054049253463745, 3.0469956398010254, 3.0797324180603027, 3.09332537651062, 3.0940613746643066, 3.102578639984131, 3.1098592281341553, 3.1111836433410645, 3.1479833126068115, 3.1671199798583984, 3.1754953861236572, 3.200747489929199, 3.2204174995422363, 3.2263364791870117, 3.256913900375366, 3.2719638347625732, 3.2891249656677246, 3.320021629333496, 3.3318631649017334, 3.372633695602417, 3.415114641189575, 3.4403438568115234, 3.4602909088134766, 3.4959702491760254, 2.9080281257629395], 0.01749303564429283, 7406000000, 
[2.3950235843658447, 2.053255319595337, 1.7870404720306396, 1.6038119792938232, 1.428498387336731, 1.3301751613616943, 1.2095122337341309, 1.1242862939834595, 1.028163194656372, 0.9715700149536133, 0.9150955080986023, 0.848848283290863, 0.7981469631195068, 0.7610393166542053, 0.7296297550201416, 0.6843739151954651, 0.6664985418319702, 0.629511833190918, 0.62898850440979, 0.5879752039909363, 0.5671087503433228, 0.5656362175941467, 0.5286489129066467, 0.5252928137779236, 0.50249844789505, 0.4735228419303894, 0.47792962193489075, 0.45887041091918945, 0.42721277475357056, 0.42765799164772034, 0.413604199886322, 0.4041579067707062, 0.3925530016422272, 0.3983992338180542, 0.3789120614528656, 0.39074471592903137, 0.38048219680786133, 0.3494712710380554, 0.3665831387042999, 0.3433309495449066, 0.33954551815986633, 0.3540576696395874, 0.3379075229167938, 0.32631492614746094, 0.3248492479324341, 0.324156254529953, 0.3233400583267212, 0.30481836199760437, 0.3132062256336212, 0.3043673038482666, 0.3135630488395691, 0.2946925163269043, 0.28009939193725586, 0.2880750894546509, 0.276949942111969, 0.28630366921424866, 0.2820536196231842, 0.2753547728061676, 0.27585747838020325, 0.27633050084114075, 0.2701790928840637, 0.2701801657676697, 0.27112993597984314, 0.27043861150741577, 0.2556556761264801, 0.2712005376815796, 0.27810749411582947, 0.2598877251148224, 0.2625836133956909, 0.25481221079826355, 0.2565910518169403, 0.2588624060153961, 0.25635263323783875, 0.2582992911338806, 0.2693568766117096, 0.2582474946975708, 0.2545752227306366, 0.25483766198158264, 0.22688689827919006, 0.23605477809906006, 0.22706398367881775, 0.2678591012954712, 0.25813597440719604, 0.2559640109539032, 0.2420230507850647, 0.25282302498817444, 0.2515788972377777, 0.2603280246257782, 0.25304874777793884, 0.256216824054718, 0.24510891735553741, 0.27610528469085693, 0.2443803995847702, 0.2649487555027008, 0.2578136622905731, 0.24705074727535248, 0.2590221166610718, 0.24158450961112976, 0.25185394287109375, 0.27172425389289856, 0.2725171744823456, 0.2659865915775299, 0.28425896167755127, 0.2613747715950012, 0.27412310242652893, 0.2725677788257599, 0.2810004949569702, 0.2689916491508484, 0.2762506306171417, 0.2782023549079895, 0.2762233018875122, 0.2835182547569275, 0.29160556197166443, 0.3017798364162445, 0.2960641086101532, 0.29968395829200745, 0.2806072235107422, 0.31115052103996277, 0.3039188086986542, 0.3264923095703125, 0.3133147954940796, 0.3055466115474701, 0.30368274450302124, 0.32626286149024963, 0.3072550594806671, 0.3180490732192993, 0.3522242605686188, 0.3374924659729004, 0.34590381383895874, 0.35305899381637573, 0.3464142382144928, 0.3727495074272156, 0.3641624450683594, 0.3801846504211426, 0.39429008960723877, 0.4099951684474945, 0.4102776050567627, 0.43055039644241333, 0.4272550940513611, 0.4390513598918915, 0.44743284583091736, 0.4653603136539459, 0.490103542804718, 0.4787510931491852, 0.5015656352043152, 0.5036676526069641, 0.5559083223342896, 0.5601471662521362, 0.5792552828788757, 0.6103824973106384, 0.6089015603065491, 0.6570153832435608, 0.672863245010376, 0.7063625454902649, 0.7255634665489197, 0.7819632291793823, 0.8254501819610596, 0.8654593825340271, 0.9156522750854492, 0.9971030950546265, 1.0536361932754517, 1.152346134185791, 1.2391843795776367, 1.348742961883545, 1.5043145418167114, 1.6881709098815918, 1.9096571207046509, 2.190983533859253, 2.5566141605377197, 3.044759511947632, 3.060608148574829, 3.05256724357605, 3.041231632232666, 3.0426504611968994, 3.0498545169830322, 3.043349027633667, 3.06805682182312, 3.058443784713745, 3.0591864585876465, 3.038936138153076, 3.0620529651641846, 3.075737714767456, 3.0814478397369385, 3.0706264972686768, 3.1070098876953125, 3.102330207824707, 3.134197235107422, 3.1232264041900635, 3.161013126373291, 3.1552915573120117, 3.1585214138031006, 3.2122888565063477, 3.195640802383423, 3.2325267791748047, 3.249837636947632, 3.2750072479248047, 3.3099753856658936, 3.324500322341919, 3.3521337509155273, 3.363755226135254, 3.414553165435791, 3.454129934310913, 3.4715728759765625, 2.893620491027832], 0.01749303564429283, 7605000000, 
[2.39137601852417, 2.0455870628356934, 1.784394383430481, 1.5868889093399048, 1.4417489767074585, 1.3252776861190796, 1.1877992153167725, 1.0939491987228394, 1.0456651449203491, 0.9761208295822144, 0.8844508528709412, 0.8488672375679016, 0.8256232738494873, 0.7614823579788208, 0.7534741759300232, 0.6875967383384705, 0.6484858393669128, 0.6542657613754272, 0.6250740885734558, 0.5850620269775391, 0.5811824798583984, 0.5363022089004517, 0.5379838943481445, 0.5169122219085693, 0.5104294419288635, 0.48556584119796753, 0.48105812072753906, 0.4683753550052643, 0.4481225311756134, 0.42287543416023254, 0.4370790123939514, 0.4085541069507599, 0.3994317948818207, 0.3960433006286621, 0.3725225031375885, 0.3824537992477417, 0.372003972530365, 0.33828189969062805, 0.35223352909088135, 0.343025803565979, 0.35175660252571106, 0.3238460421562195, 0.3359281122684479, 0.3387594521045685, 0.3110349178314209, 0.3132076859474182, 0.33197805285453796, 0.31261149048805237, 0.311614990234375, 0.2991217374801636, 0.2988702058792114, 0.30017754435539246, 0.31583118438720703, 0.2921655774116516, 0.28935644030570984, 0.2759581208229065, 0.27992916107177734, 0.28010696172714233, 0.2832484841346741, 0.26900967955589294, 0.285399466753006, 0.2662740647792816, 0.26073312759399414, 0.2805822491645813, 0.2682027518749237, 0.2658502161502838, 0.266879141330719, 0.26868724822998047, 0.2564632296562195, 0.26809796690940857, 0.26674628257751465, 0.27540579438209534, 0.26340144872665405, 0.25317779183387756, 0.2569373846054077, 0.2659868597984314, 0.24429531395435333, 0.2606678307056427, 0.2359791249036789, 0.24404852092266083, 0.24278350174427032, 0.253054141998291, 0.24894759058952332, 0.2635668218135834, 0.24502089619636536, 0.2718464434146881, 0.23843719065189362, 0.24784411489963531, 0.2533351182937622, 0.24838073551654816, 0.2653871774673462, 0.23548699915409088, 0.2509497404098511, 0.2441525161266327, 0.24404975771903992, 0.25209325551986694, 0.23804302513599396, 0.26214465498924255, 0.24302040040493011, 0.25485214591026306, 0.2597831189632416, 0.2667960822582245, 0.257593035697937, 0.27620330452919006, 0.23810748755931854, 0.25015655159950256, 0.2605886459350586, 0.2615308463573456, 0.2542414963245392, 0.2817709743976593, 0.27699369192123413, 0.2739965617656708, 0.2797321081161499, 0.2703016400337219, 0.3006959855556488, 0.27756598591804504, 0.29540425539016724, 0.2875165343284607, 0.2945536673069, 0.2891402840614319, 0.3166991174221039, 0.3175085484981537, 0.3361831307411194, 0.3078688979148865, 0.31434395909309387, 0.3365820348262787, 0.3415892422199249, 0.3314480185508728, 0.34037184715270996, 0.36601001024246216, 0.35583987832069397, 0.37243887782096863, 0.3834494948387146, 0.393337219953537, 0.39726826548576355, 0.40096643567085266, 0.4122065305709839, 0.40575888752937317, 0.44432517886161804, 0.41998016834259033, 0.4741942584514618, 0.4561861753463745, 0.4915618896484375, 0.5057733654975891, 0.5140096545219421, 0.5234302878379822, 0.5303800702095032, 0.5643133521080017, 0.5721856355667114, 0.6079224348068237, 0.6336141228675842, 0.6551899909973145, 0.6909189224243164, 0.7175585627555847, 0.7468826770782471, 0.7726759314537048, 0.8134913444519043, 0.8844503164291382, 0.9404798150062561, 0.9867427945137024, 1.0661016702651978, 1.1372830867767334, 1.262105107307434, 1.3599342107772827, 1.509568691253662, 1.6759852170944214, 1.883715033531189, 2.179156541824341, 2.557525157928467, 3.0356268882751465, 3.041311740875244, 3.0546929836273193, 3.052942991256714, 3.0465967655181885, 3.038933277130127, 3.057788610458374, 3.0581347942352295, 3.0408849716186523, 3.0633952617645264, 3.063814163208008, 3.076465606689453, 3.075167179107666, 3.0692098140716553, 3.077859401702881, 3.118666648864746, 3.1084401607513428, 3.1065661907196045, 3.1186439990997314, 3.157259225845337, 3.1408638954162598, 3.1878035068511963, 3.1860992908477783, 3.210167407989502, 3.2257323265075684, 3.243504285812378, 3.2838189601898193, 3.2875874042510986, 3.330808639526367, 3.340902805328369, 3.3639214038848877, 3.4196555614471436, 3.4467947483062744, 3.4843850135803223, 2.8987133502960205], 0.01749303564429283, 7805000000, 
[2.3842549324035645, 2.069819927215576, 1.7881187200546265, 1.6008497476577759, 1.429274559020996, 1.3172245025634766, 1.2134273052215576, 1.1214022636413574, 1.029831886291504, 0.9648740887641907, 0.9195938110351562, 0.8737638592720032, 0.8055952787399292, 0.7756491899490356, 0.7216770052909851, 0.6875215172767639, 0.6810811161994934, 0.6288353204727173, 0.609173595905304, 0.5678995251655579, 0.5677509307861328, 0.5519184470176697, 0.5287554264068604, 0.5208399891853333, 0.49730560183525085, 0.479372501373291, 0.4636622667312622, 0.4544490575790405, 0.4392225444316864, 0.4442349374294281, 0.4245036840438843, 0.42563363909721375, 0.42646679282188416, 0.38648685812950134, 0.38879701495170593, 0.36866191029548645, 0.3611919581890106, 0.37271860241889954, 0.36176297068595886, 0.33568209409713745, 0.3594423532485962, 0.32429423928260803, 0.3440369963645935, 0.34146392345428467, 0.3126641809940338, 0.33106282353401184, 0.3092503547668457, 0.3110983967781067, 0.30844923853874207, 0.2925548851490021, 0.3158312141895294, 0.3048231303691864, 0.3142565190792084, 0.30069613456726074, 0.29633358120918274, 0.2792324125766754, 0.2952413260936737, 0.2791607677936554, 0.2769710123538971, 0.2562277019023895, 0.26047658920288086, 0.2753203809261322, 0.26955243945121765, 0.273413747549057, 0.27257800102233887, 0.23665851354599, 0.2589728534221649, 0.2631344497203827, 0.242861807346344, 0.26645830273628235, 0.26517924666404724, 0.2473510205745697, 0.24465778470039368, 0.24723543226718903, 0.25769540667533875, 0.25590693950653076, 0.251118004322052, 0.25017881393432617, 0.26066356897354126, 0.2343587577342987, 0.2504030168056488, 0.2526639997959137, 0.2703588306903839, 0.2535649240016937, 0.2411361038684845, 0.23658713698387146, 0.2503499686717987, 0.2657007873058319, 0.24547192454338074, 0.2517218291759491, 0.2725425958633423, 0.24971741437911987, 0.25160709023475647, 0.2520885467529297, 0.26282232999801636, 0.27256134152412415, 0.257586807012558, 0.25581806898117065, 0.24951650202274323, 0.25579845905303955, 0.2515949606895447, 0.23995357751846313, 0.27514708042144775, 0.267392098903656, 0.25842446088790894, 0.2751617133617401, 0.2707524001598358, 0.26140475273132324, 0.26980122923851013, 0.28178584575653076, 0.2737810015678406, 0.29074373841285706, 0.28187012672424316, 0.29707029461860657, 0.2782147228717804, 0.29459455609321594, 0.29953333735466003, 0.3025864064693451, 0.2887568771839142, 0.30716437101364136, 0.3131241202354431, 0.31963035464286804, 0.3144194185733795, 0.34474214911460876, 0.31992560625076294, 0.3335213363170624, 0.3742634654045105, 0.3454337418079376, 0.3608473837375641, 0.33874815702438354, 0.35750406980514526, 0.3596877157688141, 0.37537044286727905, 0.37775349617004395, 0.38497424125671387, 0.3697335422039032, 0.4103127717971802, 0.4088515639305115, 0.4204801619052887, 0.4388134777545929, 0.46658843755722046, 0.4692753553390503, 0.4912828505039215, 0.4978320896625519, 0.4945225119590759, 0.5339410901069641, 0.5558310151100159, 0.5587154030799866, 0.5739347338676453, 0.6195487976074219, 0.6244134306907654, 0.6421701908111572, 0.6677152514457703, 0.7099762558937073, 0.760754406452179, 0.7942820191383362, 0.8290203213691711, 0.8601447343826294, 0.9309128522872925, 0.9974111318588257, 1.067163109779358, 1.140745997428894, 1.235202431678772, 1.3621348142623901, 1.4945051670074463, 1.6799124479293823, 1.9038746356964111, 2.1654155254364014, 2.561018705368042, 3.056601047515869, 3.0404915809631348, 3.053128480911255, 3.0727336406707764, 3.0442237854003906, 3.048642158508301, 3.039459466934204, 3.0458297729492188, 3.056840419769287, 3.0406076908111572, 3.074826955795288, 3.037595748901367, 3.0820343494415283, 3.07379412651062, 3.084829807281494, 3.082728147506714, 3.1161365509033203, 3.112379312515259, 3.1386780738830566, 3.1513471603393555, 3.1689398288726807, 3.179847240447998, 3.1843175888061523, 3.208209991455078, 3.2233455181121826, 3.250109910964966, 3.277815341949463, 3.3070638179779053, 3.3061156272888184, 3.336249351501465, 3.372619867324829, 3.427743673324585, 3.418782949447632, 3.478853225708008, 2.881202220916748], 0.01749303564429283, 8005000000, 
[2.3796465396881104, 2.051236152648926, 1.7902514934539795, 1.6075551509857178, 1.4320662021636963, 1.303146481513977, 1.1955091953277588, 1.119964838027954, 1.0415058135986328, 0.9718330502510071, 0.893504798412323, 0.8538797497749329, 0.8104060888290405, 0.7800142765045166, 0.7175065279006958, 0.7002876996994019, 0.6489697098731995, 0.6353762745857239, 0.6060023307800293, 0.583288311958313, 0.5671095848083496, 0.5372393131256104, 0.5343145132064819, 0.5108750462532043, 0.5101702213287354, 0.48506295680999756, 0.46535927057266235, 0.45996737480163574, 0.4450984597206116, 0.45353490114212036, 0.42823389172554016, 0.4121483862400055, 0.39788922667503357, 0.3827075958251953, 0.3867895305156708, 0.36569344997406006, 0.3761601448059082, 0.3668622374534607, 0.3595666289329529, 0.35117027163505554, 0.3381657898426056, 0.34434419870376587, 0.33485719561576843, 0.33451446890830994, 0.330564022064209, 0.3202960789203644, 0.3196520507335663, 0.3021596372127533, 0.3024282157421112, 0.29597121477127075, 0.2903023362159729, 0.3045790195465088, 0.30037587881088257, 0.2954883873462677, 0.28654566407203674, 0.28900375962257385, 0.29741281270980835, 0.29313111305236816, 0.2834688723087311, 0.2705337107181549, 0.28167712688446045, 0.28252142667770386, 0.28077688813209534, 0.28274333477020264, 0.26286664605140686, 0.2627178430557251, 0.2566069960594177, 0.27531957626342773, 0.2656954824924469, 0.23894032835960388, 0.2637738287448883, 0.24183504283428192, 0.26203033328056335, 0.2584247589111328, 0.2550233006477356, 0.2583051323890686, 0.25645726919174194, 0.2654179036617279, 0.2492629736661911, 0.25658565759658813, 0.2592775225639343, 0.25418782234191895, 0.25879713892936707, 0.26073822379112244, 0.24457818269729614, 0.2556411027908325, 0.2608209252357483, 0.25119999051094055, 0.2210509181022644, 0.24308641254901886, 0.2646026015281677, 0.25848132371902466, 0.2503070533275604, 0.25489893555641174, 0.25090453028678894, 0.2642792761325836, 0.24330474436283112, 0.255863755941391, 0.24732841551303864, 0.2600812613964081, 0.2624604105949402, 0.259684294462204, 0.2605780065059662, 0.2652604877948761, 0.2715340256690979, 0.27653560042381287, 0.2803380787372589, 0.274890273809433, 0.2887241840362549, 0.2770422399044037, 0.2837238311767578, 0.29267802834510803, 0.27193641662597656, 0.2995786964893341, 0.28960222005844116, 0.308153361082077, 0.295204758644104, 0.3085249364376068, 0.29741689562797546, 0.31964483857154846, 0.31627047061920166, 0.3163703978061676, 0.3204384446144104, 0.3190438747406006, 0.32960450649261475, 0.32460540533065796, 0.3346683382987976, 0.3424752354621887, 0.3604660928249359, 0.34808287024497986, 0.36551907658576965, 0.36486682295799255, 0.39236074686050415, 0.3874622583389282, 0.39581751823425293, 0.39722979068756104, 0.409672349691391, 0.43247190117836, 0.43530184030532837, 0.4544769525527954, 0.45712679624557495, 0.4733116924762726, 0.4841192364692688, 0.497790664434433, 0.5105641484260559, 0.5250723958015442, 0.5420918464660645, 0.573708176612854, 0.5905151963233948, 0.6039977073669434, 0.6103437542915344, 0.6478304266929626, 0.6885351538658142, 0.7094076871871948, 0.7428572177886963, 0.7900538444519043, 0.8154482245445251, 0.8689451813697815, 0.9278541803359985, 1.003075361251831, 1.0489051342010498, 1.1480358839035034, 1.2479498386383057, 1.3548609018325806, 1.506541132926941, 1.6501121520996094, 1.8782711029052734, 2.1884002685546875, 2.560271739959717, 3.046210289001465, 3.0456533432006836, 3.042649984359741, 3.0245325565338135, 3.0390429496765137, 3.0432229042053223, 3.0442800521850586, 3.0484139919281006, 3.0453720092773438, 3.046279191970825, 3.04777193069458, 3.0512123107910156, 3.0760509967803955, 3.08550763130188, 3.0878381729125977, 3.1079325675964355, 3.1287524700164795, 3.120129346847534, 3.1364593505859375, 3.1400721073150635, 3.148900270462036, 3.1671459674835205, 3.183750629425049, 3.219120502471924, 3.2299349308013916, 3.253026008605957, 3.26237154006958, 3.2917683124542236, 3.321760416030884, 3.3428566455841064, 3.3720710277557373, 3.406486988067627, 3.4248158931732178, 3.450880289077759, 2.903163194656372], 0.01749303564429283, 8206000000, 
[2.391893148422241, 2.0368733406066895, 1.795810341835022, 1.5879851579666138, 1.4341893196105957, 1.304735779762268, 1.1814225912094116, 1.1105581521987915, 1.022950291633606, 0.9570794701576233, 0.9105597138404846, 0.8569704294204712, 0.802636444568634, 0.7730297446250916, 0.7344875931739807, 0.695670485496521, 0.6562135815620422, 0.6253286600112915, 0.6292058229446411, 0.5921535491943359, 0.5942538380622864, 0.5477822422981262, 0.5400162935256958, 0.525603175163269, 0.5173174142837524, 0.49771904945373535, 0.4836130142211914, 0.4523641765117645, 0.4437323212623596, 0.44234707951545715, 0.4341347813606262, 0.3906356394290924, 0.41262543201446533, 0.3975314199924469, 0.3845597803592682, 0.39596986770629883, 0.38390597701072693, 0.35755395889282227, 0.35788479447364807, 0.3561061918735504, 0.3602254390716553, 0.3354153335094452, 0.33857569098472595, 0.3392503261566162, 0.32245728373527527, 0.3310083746910095, 0.30781611800193787, 0.3062092661857605, 0.30466753244400024, 0.29961639642715454, 0.30272176861763, 0.31379204988479614, 0.30763551592826843, 0.2866898477077484, 0.28850728273391724, 0.29595276713371277, 0.28130489587783813, 0.2698909044265747, 0.2723950445652008, 0.27881374955177307, 0.25751978158950806, 0.26688510179519653, 0.29053282737731934, 0.27043211460113525, 0.27422305941581726, 0.27123913168907166, 0.2666251063346863, 0.26182055473327637, 0.26334795355796814, 0.24382103979587555, 0.254363089799881, 0.24562084674835205, 0.26987898349761963, 0.24514088034629822, 0.2611001133918762, 0.2572442293167114, 0.25438183546066284, 0.24915359914302826, 0.25742107629776, 0.24059030413627625, 0.23582474887371063, 0.24504892528057098, 0.23881569504737854, 0.25358378887176514, 0.25578537583351135, 0.25646063685417175, 0.26380446553230286, 0.2648990750312805, 0.24378417432308197, 0.2524910867214203, 0.2654848098754883, 0.2530052661895752, 0.25546884536743164, 0.24989882111549377, 0.2508757710456848, 0.25217628479003906, 0.2370944619178772, 0.2651539444923401, 0.26113593578338623, 0.24932484328746796, 0.25410929322242737, 0.2710888683795929, 0.26704642176628113, 0.2541046142578125, 0.2642855644226074, 0.26239174604415894, 0.27069321274757385, 0.26062530279159546, 0.2732856869697571, 0.2713400721549988, 0.2686915695667267, 0.27349138259887695, 0.29481711983680725, 0.28808295726776123, 0.3104301989078522, 0.3095846474170685, 0.2818443477153778, 0.315177321434021, 0.2860904633998871, 0.3135126531124115, 0.3050895929336548, 0.31939825415611267, 0.31354600191116333, 0.32821646332740784, 0.32577016949653625, 0.34151285886764526, 0.34819597005844116, 0.3295784592628479, 0.3533206880092621, 0.3510209619998932, 0.35909801721572876, 0.360595703125, 0.3700701892375946, 0.38828179240226746, 0.3957749903202057, 0.392226904630661, 0.41653206944465637, 0.4186954200267792, 0.41902145743370056, 0.4413163363933563, 0.45736226439476013, 0.46077463030815125, 0.47815799713134766, 0.5033045411109924, 0.4973640441894531, 0.530258059501648, 0.5325198769569397, 0.5622268915176392, 0.5948052406311035, 0.5923009514808655, 0.6362020373344421, 0.6446083188056946, 0.676961362361908, 0.7221593856811523, 0.7369680404663086, 0.7686610221862793, 0.8244130611419678, 0.8710981011390686, 0.9248152375221252, 0.9991850852966309, 1.0547263622283936, 1.1315275430679321, 1.2469085454940796, 1.3579308986663818, 1.4988901615142822, 1.6620067358016968, 1.8972378969192505, 2.176548719406128, 2.5608556270599365, 3.057227611541748, 3.0591142177581787, 3.0650765895843506, 3.0381360054016113, 3.06255841255188, 3.0504276752471924, 3.0258407592773438, 3.055161237716675, 3.0667922496795654, 3.05924654006958, 3.0632660388946533, 3.0610249042510986, 3.0814826488494873, 3.0710597038269043, 3.08246111869812, 3.0985817909240723, 3.081162691116333, 3.126021385192871, 3.1191811561584473, 3.1449978351593018, 3.1369593143463135, 3.1622414588928223, 3.1865315437316895, 3.220702648162842, 3.225534439086914, 3.2671730518341064, 3.2656872272491455, 3.2756683826446533, 3.327091932296753, 3.3469491004943848, 3.3924777507781982, 3.3873205184936523, 3.4332094192504883, 3.454939842224121, 2.888856887817383], 0.01749303564429283, 8406000000, 
[2.3858642578125, 2.04080867767334, 1.8167228698730469, 1.6031010150909424, 1.4394609928131104, 1.3177549839019775, 1.2054357528686523, 1.0988339185714722, 1.020386815071106, 0.9527794122695923, 0.9021874070167542, 0.8498634099960327, 0.7927828431129456, 0.7645392417907715, 0.734329879283905, 0.708705484867096, 0.6825544834136963, 0.64580237865448, 0.6166968941688538, 0.573646068572998, 0.554721474647522, 0.5287331342697144, 0.5389924049377441, 0.5223700404167175, 0.5009258389472961, 0.48264944553375244, 0.47433343529701233, 0.45650917291641235, 0.428465873003006, 0.44791826605796814, 0.4209554195404053, 0.4165456295013428, 0.3952997326850891, 0.3966122269630432, 0.38697707653045654, 0.3607741594314575, 0.3760296702384949, 0.3674042224884033, 0.36280685663223267, 0.34325194358825684, 0.33638644218444824, 0.3459225296974182, 0.32704252004623413, 0.3318738043308258, 0.32305148243904114, 0.31376445293426514, 0.3121165335178375, 0.30863189697265625, 0.31184712052345276, 0.3067435324192047, 0.30756086111068726, 0.2962132394313812, 0.2956974506378174, 0.2989612817764282, 0.2956213355064392, 0.2721450924873352, 0.3082983195781708, 0.2718226909637451, 0.28360310196876526, 0.2789013683795929, 0.26205503940582275, 0.2641393840312958, 0.2727050185203552, 0.27872225642204285, 0.26821398735046387, 0.2511546015739441, 0.2630721926689148, 0.25855398178100586, 0.2647048830986023, 0.2666291296482086, 0.2516748011112213, 0.26475468277931213, 0.26663267612457275, 0.25098443031311035, 0.25498688220977783, 0.23420889675617218, 0.2528158724308014, 0.26479384303092957, 0.2325981855392456, 0.2572993338108063, 0.24173752963542938, 0.24212393164634705, 0.25314661860466003, 0.26393553614616394, 0.24596066772937775, 0.2580484449863434, 0.23447585105895996, 0.25091278553009033, 0.251151442527771, 0.24368318915367126, 0.2542593479156494, 0.273556113243103, 0.252543568611145, 0.24761030077934265, 0.24193035066127777, 0.2589576840400696, 0.2706722617149353, 0.26534703373908997, 0.26012930274009705, 0.27746859192848206, 0.25677722692489624, 0.26357918977737427, 0.2731553018093109, 0.2532739043235779, 0.2751810848712921, 0.26669397950172424, 0.2664152979850769, 0.27423471212387085, 0.28260311484336853, 0.28293922543525696, 0.26012590527534485, 0.2778799831867218, 0.2757265865802765, 0.2822433114051819, 0.29939714074134827, 0.29607632756233215, 0.3008468449115753, 0.2879161834716797, 0.3057525157928467, 0.3107146620750427, 0.321762353181839, 0.3094896972179413, 0.3129097521305084, 0.3125095069408417, 0.329956978559494, 0.3427858054637909, 0.3495633900165558, 0.33323585987091064, 0.34189024567604065, 0.36126938462257385, 0.34628820419311523, 0.36583617329597473, 0.35565006732940674, 0.3882141709327698, 0.37958407402038574, 0.40178918838500977, 0.41468480229377747, 0.4185935854911804, 0.4380131661891937, 0.41907602548599243, 0.45710259675979614, 0.4774922728538513, 0.48617658019065857, 0.49007901549339294, 0.5230039358139038, 0.5241737961769104, 0.540706992149353, 0.5538144707679749, 0.5743869543075562, 0.5968936085700989, 0.6102519035339355, 0.6685724258422852, 0.6569082140922546, 0.7103221416473389, 0.7545844912528992, 0.787575364112854, 0.8167645931243896, 0.8743994235992432, 0.9346967935562134, 0.9737544059753418, 1.061712384223938, 1.1525386571884155, 1.2456185817718506, 1.3721082210540771, 1.513001561164856, 1.662574291229248, 1.8905198574066162, 2.157871723175049, 2.556603193283081, 3.061401844024658, 3.03865647315979, 3.056013345718384, 3.047867774963379, 3.0474047660827637, 3.0519697666168213, 3.040461301803589, 3.044365406036377, 3.0396132469177246, 3.0543301105499268, 3.0411462783813477, 3.0732035636901855, 3.0777764320373535, 3.086247444152832, 3.0900752544403076, 3.090038299560547, 3.1152124404907227, 3.125892162322998, 3.137176752090454, 3.147637367248535, 3.1801304817199707, 3.1938087940216064, 3.2124035358428955, 3.2106428146362305, 3.2383804321289062, 3.244091033935547, 3.2773475646972656, 3.2991323471069336, 3.299722671508789, 3.3445403575897217, 3.366316795349121, 3.3916544914245605, 3.420898675918579, 3.4664695262908936, 2.896980047225952], 0.01749303564429283, 8609000000, 
[2.3820719718933105, 2.0334551334381104, 1.772307276725769, 1.6006708145141602, 1.4371392726898193, 1.3213694095611572, 1.2048568725585938, 1.109868049621582, 1.0233131647109985, 0.9643846154212952, 0.8922345638275146, 0.8359946012496948, 0.8000356554985046, 0.7688296437263489, 0.7292752861976624, 0.7049189805984497, 0.6707576513290405, 0.665250301361084, 0.6316690444946289, 0.5893571376800537, 0.5743489861488342, 0.5500547885894775, 0.5315613746643066, 0.5172918438911438, 0.48863354325294495, 0.495553582906723, 0.46722400188446045, 0.47489744424819946, 0.4340363144874573, 0.42076462507247925, 0.43775373697280884, 0.4255841374397278, 0.4065668284893036, 0.41974183917045593, 0.3808934688568115, 0.39115238189697266, 0.3739776909351349, 0.3738081753253937, 0.3705427944660187, 0.35956719517707825, 0.3521263301372528, 0.32253625988960266, 0.3399231731891632, 0.3146272301673889, 0.32087764143943787, 0.31418412923812866, 0.29769182205200195, 0.2894505262374878, 0.30157706141471863, 0.3021930158138275, 0.29870906472206116, 0.2865909934043884, 0.30151134729385376, 0.3017471730709076, 0.2892565429210663, 0.29786908626556396, 0.2837553918361664, 0.2814581096172333, 0.27881935238838196, 0.2970803380012512, 0.2626059949398041, 0.30387479066848755, 0.2674724757671356, 0.27103063464164734, 0.2616442143917084, 0.25815367698669434, 0.25911739468574524, 0.2671765387058258, 0.27342045307159424, 0.24684874713420868, 0.24712617695331573, 0.26828357577323914, 0.2542704939842224, 0.25619056820869446, 0.2454730123281479, 0.23438632488250732, 0.2571766674518585, 0.25082850456237793, 0.25885170698165894, 0.24379882216453552, 0.2501639127731323, 0.2502245008945465, 0.2573919892311096, 0.25559335947036743, 0.2487735152244568, 0.23762629926204681, 0.24244283139705658, 0.26976799964904785, 0.2490338385105133, 0.26254501938819885, 0.2720602750778198, 0.27143216133117676, 0.24847126007080078, 0.25131040811538696, 0.26663723587989807, 0.2606450021266937, 0.2632647156715393, 0.2518579363822937, 0.2504952847957611, 0.25957268476486206, 0.25110456347465515, 0.2691282629966736, 0.2563000023365021, 0.2763490676879883, 0.2690959870815277, 0.2595462203025818, 0.2586146295070648, 0.2755657434463501, 0.2648560702800751, 0.2555328607559204, 0.2740837633609772, 0.2883812189102173, 0.281618595123291, 0.27738335728645325, 0.2893039584159851, 0.30382150411605835, 0.2971079647541046, 0.2744908332824707, 0.3051036596298218, 0.3213585913181305, 0.27945268154144287, 0.30450117588043213, 0.3078921139240265, 0.31878533959388733, 0.32632261514663696, 0.3231794238090515, 0.3427124619483948, 0.3477456867694855, 0.36860087513923645, 0.35361427068710327, 0.35499510169029236, 0.35991764068603516, 0.38406991958618164, 0.37246817350387573, 0.39576318860054016, 0.41985177993774414, 0.4143519997596741, 0.42359641194343567, 0.43775075674057007, 0.42872706055641174, 0.44307851791381836, 0.4704178273677826, 0.4742124378681183, 0.4962572157382965, 0.5170024633407593, 0.5289685130119324, 0.5225507616996765, 0.5536301136016846, 0.5882164835929871, 0.6090591549873352, 0.6250751614570618, 0.650751531124115, 0.6727586984634399, 0.7127203941345215, 0.7421618700027466, 0.7799688577651978, 0.8139405846595764, 0.8708900809288025, 0.91292405128479, 0.990490198135376, 1.056537389755249, 1.143869161605835, 1.225881576538086, 1.3641701936721802, 1.4875147342681885, 1.6630315780639648, 1.8774994611740112, 2.1794135570526123, 2.583380699157715, 3.0538878440856934, 3.0555498600006104, 3.053248167037964, 3.0474445819854736, 3.0614326000213623, 3.049363136291504, 3.050997018814087, 3.0545644760131836, 3.0386576652526855, 3.0732128620147705, 3.0635290145874023, 3.056649923324585, 3.0775492191314697, 3.072903633117676, 3.0789871215820312, 3.0999789237976074, 3.110112428665161, 3.1113765239715576, 3.126458168029785, 3.1585566997528076, 3.1514031887054443, 3.1849570274353027, 3.192682981491089, 3.1954967975616455, 3.231501579284668, 3.256739854812622, 3.2682323455810547, 3.304776906967163, 3.308272123336792, 3.3416450023651123, 3.371615409851074, 3.412778854370117, 3.430208206176758, 3.459420680999756, 2.893862009048462], 0.01749303564429283, 8807000000, 
[2.3886351585388184, 2.0474929809570312, 1.7922917604446411, 1.5817844867706299, 1.4394279718399048, 1.293503999710083, 1.2000508308410645, 1.1107425689697266, 1.0294519662857056, 0.9767025113105774, 0.9179136753082275, 0.8597872257232666, 0.8060009479522705, 0.7493351101875305, 0.7256968021392822, 0.7080536484718323, 0.6612941026687622, 0.6382901668548584, 0.6130560040473938, 0.5958908200263977, 0.5746543407440186, 0.5509792566299438, 0.5454782247543335, 0.4986814558506012, 0.49699872732162476, 0.49477580189704895, 0.46366092562675476, 0.47861602902412415, 0.4498356282711029, 0.4472878575325012, 0.42937010526657104, 0.4083707332611084, 0.4208669662475586, 0.3990750014781952, 0.37533697485923767, 0.3902481496334076, 0.36255812644958496, 0.3630135953426361, 0.3641677796840668, 0.3502059876918793, 0.34272500872612, 0.329355388879776, 0.357805997133255, 0.3340964913368225, 0.3334680497646332, 0.32940471172332764, 0.32140040397644043, 0.3123946785926819, 0.3283718228340149, 0.2821183204650879, 0.2844266891479492, 0.3001246452331543, 0.29453298449516296, 0.2888701558113098, 0.292360782623291, 0.287090539932251, 0.2754424214363098, 0.2786925435066223, 0.2805081009864807, 0.27133211493492126, 0.2685236930847168, 0.27290377020835876, 0.2815113961696625, 0.2671698033809662, 0.2462414801120758, 0.24134282767772675, 0.2567448019981384, 0.2550877332687378, 0.2682126462459564, 0.2629474401473999, 0.24998624622821808, 0.2569762170314789, 0.2571391761302948, 0.25151240825653076, 0.2512992322444916, 0.24192199110984802, 0.25930196046829224, 0.2588536739349365, 0.26242294907569885, 0.2531571388244629, 0.24521538615226746, 0.2455354481935501, 0.2534101903438568, 0.2594878375530243, 0.25149664282798767, 0.2458675503730774, 0.23474957048892975, 0.2697157561779022, 0.23804724216461182, 0.2421773076057434, 0.24384033679962158, 0.2668832838535309, 0.2507065236568451, 0.2522706091403961, 0.24253347516059875, 0.26996147632598877, 0.25171399116516113, 0.23787246644496918, 0.2545895576477051, 0.2648763358592987, 0.258364737033844, 0.26179400086402893, 0.2649040222167969, 0.2693851888179779, 0.2733195722103119, 0.26097747683525085, 0.25400272011756897, 0.26550930738449097, 0.2837452292442322, 0.2738085389137268, 0.2751031816005707, 0.29057803750038147, 0.272901713848114, 0.29914650321006775, 0.2757192552089691, 0.2905411720275879, 0.3085285723209381, 0.28911176323890686, 0.2907283306121826, 0.29900476336479187, 0.30105364322662354, 0.3072766661643982, 0.3159562349319458, 0.322892963886261, 0.33325448632240295, 0.3267340064048767, 0.350168913602829, 0.3314947187900543, 0.36914634704589844, 0.35343706607818604, 0.3576638102531433, 0.37017834186553955, 0.37138158082962036, 0.381323903799057, 0.39301303029060364, 0.39807260036468506, 0.4193387031555176, 0.4070422649383545, 0.4295724332332611, 0.43861064314842224, 0.4361798167228699, 0.45011964440345764, 0.4803767800331116, 0.49942103028297424, 0.4934512972831726, 0.5215939283370972, 0.5314139723777771, 0.5650346875190735, 0.5682658553123474, 0.5907270312309265, 0.6387820839881897, 0.6317330002784729, 0.6781644225120544, 0.7210108041763306, 0.7565197944641113, 0.7805403470993042, 0.8241662979125977, 0.8775305151939392, 0.9135056734085083, 0.9957137703895569, 1.065675139427185, 1.1391878128051758, 1.2375422716140747, 1.3784352540969849, 1.509199619293213, 1.6554418802261353, 1.8761223554611206, 2.1629679203033447, 2.560814142227173, 3.0596659183502197, 3.0504517555236816, 3.0485053062438965, 3.0622916221618652, 3.0426223278045654, 3.0603106021881104, 3.0313000679016113, 3.046420097351074, 3.0626838207244873, 3.0478525161743164, 3.065725564956665, 3.0784075260162354, 3.077699661254883, 3.069915771484375, 3.08915638923645, 3.0962166786193848, 3.1028475761413574, 3.1018357276916504, 3.1018917560577393, 3.1336042881011963, 3.168720006942749, 3.178943157196045, 3.2053592205047607, 3.2098991870880127, 3.2304837703704834, 3.260847330093384, 3.269516706466675, 3.293517589569092, 3.3051106929779053, 3.356861114501953, 3.376309394836426, 3.404207229614258, 3.42144513130188, 3.4501750469207764, 2.8920373916625977], 0.01749303564429283, 9008000000, 
[2.3831467628479004, 2.0290191173553467, 1.8004703521728516, 1.5897929668426514, 1.420884132385254, 1.323737621307373, 1.17607843875885, 1.1052217483520508, 1.0287439823150635, 0.9803972840309143, 0.9067366719245911, 0.8480159044265747, 0.7991697788238525, 0.7820709943771362, 0.7244841456413269, 0.6793044805526733, 0.6695616841316223, 0.6395706534385681, 0.6119661331176758, 0.5887210369110107, 0.5679956078529358, 0.5507224798202515, 0.5310478210449219, 0.5173899531364441, 0.5004816055297852, 0.48809826374053955, 0.474386066198349, 0.4635826051235199, 0.4361761510372162, 0.42047688364982605, 0.4240662753582001, 0.42222318053245544, 0.39888662099838257, 0.40398430824279785, 0.3948482573032379, 0.36752551794052124, 0.3760031461715698, 0.36547529697418213, 0.354912132024765, 0.3424598276615143, 0.3582577705383301, 0.3264119029045105, 0.33308184146881104, 0.3441080152988434, 0.32540225982666016, 0.32074975967407227, 0.310131311416626, 0.31588810682296753, 0.30028796195983887, 0.3035214841365814, 0.3046187460422516, 0.2944848835468292, 0.2974192202091217, 0.3020368814468384, 0.2960714101791382, 0.26874008774757385, 0.29016372561454773, 0.26597991585731506, 0.28069600462913513, 0.2696234881877899, 0.26437392830848694, 0.2723279297351837, 0.27547311782836914, 0.2779102921485901, 0.2784480154514313, 0.2856578528881073, 0.2740483582019806, 0.2698400914669037, 0.2665458023548126, 0.2311536818742752, 0.24642468988895416, 0.22872868180274963, 0.22985811531543732, 0.22753062844276428, 0.25454601645469666, 0.24904942512512207, 0.2579508423805237, 0.24538646638393402, 0.24977798759937286, 0.24405191838741302, 0.24911735951900482, 0.25908005237579346, 0.225718691945076, 0.2544477581977844, 0.2582722008228302, 0.23587621748447418, 0.24530072510242462, 0.2570720911026001, 0.25061535835266113, 0.2539694607257843, 0.2718428075313568, 0.23767437040805817, 0.2548075020313263, 0.2807864248752594, 0.2437903881072998, 0.24238303303718567, 0.2598291337490082, 0.24226626753807068, 0.25244560837745667, 0.2597748339176178, 0.25141555070877075, 0.2745625078678131, 0.268545925617218, 0.2762802243232727, 0.2695888578891754, 0.27394241094589233, 0.28316009044647217, 0.27887436747550964, 0.29075857996940613, 0.2802773714065552, 0.2756909132003784, 0.2762201428413391, 0.2837122678756714, 0.28859424591064453, 0.27741536498069763, 0.2985113561153412, 0.28226497769355774, 0.29749876260757446, 0.3021947145462036, 0.2937396168708801, 0.31179675459861755, 0.32008302211761475, 0.3292771577835083, 0.33161261677742004, 0.3267515003681183, 0.308734655380249, 0.344799280166626, 0.33432382345199585, 0.33662766218185425, 0.37520739436149597, 0.3618312478065491, 0.37929022312164307, 0.36852991580963135, 0.38478490710258484, 0.39865541458129883, 0.3989574611186981, 0.4185080826282501, 0.41318121552467346, 0.4297378957271576, 0.4350613057613373, 0.4509020745754242, 0.4524228274822235, 0.4728623628616333, 0.49162307381629944, 0.5050721764564514, 0.5235461592674255, 0.5425637364387512, 0.5661916732788086, 0.5704958438873291, 0.5914710164070129, 0.6398926973342896, 0.6444255113601685, 0.6567952036857605, 0.7121373414993286, 0.713762104511261, 0.7900784015655518, 0.838228166103363, 0.8767547607421875, 0.9381126165390015, 0.9971152544021606, 1.0716843605041504, 1.1489259004592896, 1.2592459917068481, 1.3719675540924072, 1.5014457702636719, 1.6697394847869873, 1.8845802545547485, 2.1905908584594727, 2.5645484924316406, 3.0252256393432617, 3.059203863143921, 3.0606634616851807, 3.048619270324707, 3.0451509952545166, 3.0455338954925537, 3.0664939880371094, 3.051771879196167, 3.0419161319732666, 3.0451910495758057, 3.0638134479522705, 3.065082311630249, 3.072826862335205, 3.077336072921753, 3.0959765911102295, 3.1003804206848145, 3.1131951808929443, 3.1246142387390137, 3.1424400806427, 3.149437189102173, 3.1746628284454346, 3.187464475631714, 3.1685893535614014, 3.207430362701416, 3.224726676940918, 3.2506144046783447, 3.274383068084717, 3.2758209705352783, 3.3259873390197754, 3.3323111534118652, 3.387882709503174, 3.3852767944335938, 3.4317996501922607, 3.46623158454895, 2.8798587322235107], 0.01749303564429283, 9207000000, 
