imu_ax, imu_ay, kf_ax, kf_ay, kf_vx, kf_w, kf_x, kf_y, stamp, 
0.0018011927604675293, -0.0031659603118896484, 0.001371716430376864, 1.5771925319482598e-18, 1.6298911957900003e-05, 9.676673731486734e-14, -2.6078259132640012e-06, 0.0, 1731705312200780075, 
-0.007146656513214111, -0.010176479816436768, -0.004612133331212594, 2.159354269903843e-12, -1.8530670431879365e-05, -1.1652866407839099e-07, 2.5143144161607973e-06, -3.063370581914923e-15, 1731705312248913223, 
-0.010822474956512451, -0.0029068589210510254, -0.008937427290831992, -4.295285884027463e-13, -0.00018911791133320973, 2.271221088339715e-09, 2.087155652686122e-05, -6.198665973783576e-14, 1731705312298947463, 
0.026761889457702637, 0.03626227378845215, 0.015960223639842275, 6.499607211664482e-05, 0.002330502336079177, 0.027889297131533375, 0.00011419363141684474, -7.412260241156727e-09, 1731705312348843864, 
0.09595787525177002, -0.006899714469909668, 0.0717574920947334, 0.004468934881082672, 0.012406165138694202, 0.36021887755985854, 0.0006345484531101347, 1.5558340760947266e-06, 1731705312399045694, 
0.03296929597854614, 0.2802197337150574, 0.045371431185993266, 0.05920094521175815, 0.0816144124425317, 0.7253736618326345, 0.004607895808874982, 6.679318513317075e-05, 1731705312438662335, 
-0.03658372163772583, -0.0313335657119751, -0.012467893819763147, 0.011632406630050404, 0.01155317169229074, 1.006858284449502, 0.00976032418370345, 0.000513316746542054, 1731705312508491653, 
-0.2652074694633484, -0.30894315242767334, -0.18981225367966645, -0.12412832222564738, -0.1145908977416969, 1.0832302100071605, 0.006850929907854845, 0.000177379547992365, 1731705312558764772, 
-0.3018571138381958, -0.028149783611297607, -0.2666739961419269, -0.030073256560318295, -0.029156186277186802, 1.0314537118954084, -0.0014053620382627713, -0.0021120951149789253, 1731705312600832876, 
-0.0794793963432312, 0.036458730697631836, -0.13554846351933847, 0.01174619212490293, 0.011649837021686177, 1.0082709400172198, -0.0027349810830406664, -0.0026593521540885117, 1731705312648786572, 
0.05581259727478027, 0.07509827613830566, -0.0018252127895284631, 0.03900574735782414, 0.03905137466710069, 0.9988316081145542, -0.0009056167258108846, -0.0017536804736626782, 1731705312838745717, 
0.026821136474609375, -0.9121404886245728, 0.013815041364811431, -0.1301705946386912, -0.3447941966869423, 0.3775312806580683, -0.0057641259919415525, -0.004589907128862843, 1731705312958701447, 
0.09060651063919067, -0.08012521266937256, 0.06954266639867158, -0.016437575484282665, -0.14169291702321876, 0.11600844861983534, -0.029339270429957952, -0.022147379275104306, 1731705312998985322, 
0.18689954280853271, 0.2801398038864136, 0.15289719455086856, 0.010027515481892577, 0.025022037839915218, 0.4007473550334361, -0.035700676857819996, -0.027337474607609328, 1731705313148274978, 
0.04711711406707764, -0.08167684078216553, 0.07927281009093726, 0.03763838034428151, 0.04651102095796064, 0.8092357374459972, -0.033147906074332975, -0.025275334678724896, 1731705313238581286, 
-0.36934471130371094, 0.17123395204544067, -0.2323790607684916, 0.12434755430620452, 0.12876907759466238, 0.9656631594242223, -0.027240680542453707, -0.019881284866541345, 1731705313359642205, 
0.4193089008331299, 0.2990988492965698, 0.22238192616393246, 0.1808771255513363, 0.19089096194146427, 0.9475415897731259, -0.017084468337628604, -0.008721420967041149, 1731705313452646625, 
0.26838219165802, 0.1535259485244751, 0.25375205138579887, 0.15048968679549513, 0.1530241892469212, 0.9834372430666083, -0.006777662534115082, 0.005257661574782796, 1731705313543725515, 
-0.18828630447387695, 0.40999478101730347, -0.053130878303500884, 0.3053748459944856, 0.2604123831830032, 1.172658697186014, 0.002097737630785755, 0.01997407100683422, 1731705313653765498, 
-0.06761544942855835, -0.3933998942375183, -0.06657724351939057, -0.039538700400638796, -0.04206887400701659, 0.9398563982017729, 0.010098546741084404, 0.03731752730150708, 1731705313754813805, 
0.7223517298698425, -0.3262280225753784, 0.4825700394789608, -0.06790754839167376, -0.0712737346587542, 0.9527710132884557, 0.008373846707663193, 0.03241921874762719, 1731705313803818312, 
-0.20305085182189941, -0.09660279750823975, 0.005661369524890769, 0.026396494415471757, 0.02642609775620361, 0.998879768742061, 0.0071371656329656625, 0.02701657612813825, 1731705313948813569, 
0.25733238458633423, 0.23141324520111084, 0.18254904192021149, 0.17002525699410614, 0.17286131140587704, 0.9835934693037711, 0.008068447863915959, 0.033196615839071505, 1731705314058756219, 
-0.5882043242454529, -0.4780535101890564, -0.35723766699619797, -0.07649120894003242, -0.08038308527277652, 0.9515833919594255, 0.008339684310392316, 0.04410330504918687, 1731705314159668354, 
-0.13183939456939697, 0.3299066424369812, -0.196932288317258, 0.1815099084983873, 0.1820442807057772, 0.9970646031541439, 0.008556044448145578, 0.04339723010104824, 1731705314248637433, 
-0.03975200653076172, -0.14997869729995728, -0.08865952251409145, 0.05304827056760686, 0.05569259653641123, 0.9525192551028656, 0.006106016320871033, 0.05855864459259539, 1731705314348673916, 
0.5371609330177307, 0.44538843631744385, 0.34960442528960345, 0.2671261167889712, 0.26483055535320005, 1.0086680384471105, 0.003541739706902982, 0.06884538355474487, 1731705314438728912, 
-0.010937750339508057, -0.07892656326293945, 0.09650422726837393, 0.11619228976835137, 0.11858659713755668, 0.9798096291908268, -0.004133965265274653, 0.0895321654135665, 1731705314559724247, 
0.08731573820114136, -0.032218873500823975, 0.0898554144965566, 0.10438189828902336, 0.10571930870770505, 0.9873494214535645, -0.009062073849756979, 0.0996653259025533, 1731705314648817913, 
-0.23430949449539185, 0.4710848927497864, -0.13371018262431683, 0.3158109483329729, 0.3093371434676745, 1.0209279907117748, -0.017104282081505988, 0.11304301287292536, 1731705314749093198, 
-0.3174118995666504, 0.441179096698761, -0.26125913137815393, 0.3428585848874407, 0.32966977811577974, 1.040006114139553, -0.03634102815535324, 0.13842529238524603, 1731705314838334779, 
0.42273175716400146, 0.2805354595184326, 0.21471403850689003, 0.27651475871020137, 0.27286796835771415, 1.013364670006655, -0.05817247181439036, 0.16172465238178532, 1731705314959679587, 
0.00765460729598999, 0.35224729776382446, 0.07059866992850133, 0.30665055917837786, 0.3012213879333339, 1.018023857078321, -0.07895340684728437, 0.17981021939562708, 1731705315048720887, 
0.16774201393127441, 0.28094804286956787, 0.13776189462430033, 0.26986709424578126, 0.2648027708248989, 1.0191248883276647, -0.10264838042073512, 0.19647714575081024, 1731705315148881663, 
0.9370484352111816, 0.28088927268981934, 0.6943956847491971, 0.2810838718732382, 0.28070330958884326, 1.0013557456267699, -0.1254738384739943, 0.20929094582532715, 1731705315258558353, 
-0.507809579372406, 0.5497307777404785, -0.1421462104206913, 0.4151222495256744, 0.4089175495659648, 1.015173474374713, -0.15308169478959624, 0.2214148643213523, 1731705315360676329, 
-0.4624841809272766, 0.11138916015625, -0.3668103315241612, 0.24175184160668015, 0.2548549157708191, 0.9485861431218301, -0.18913338299614055, 0.23296089636722012, 1731705315448731486, 
0.29761552810668945, 0.22166591882705688, 0.09646004572997757, 0.253680105602264, 0.2694844622722735, 0.9413533658425116, -0.21500576937667837, 0.23852954082637634, 1731705315548731794, 
-0.33722448348999023, 0.3179646134376526, -0.20505015361090134, 0.28990009448704457, 0.3258670838626696, 0.8896268105716912, -0.24349491758121342, 0.24197740126448003, 1731705315658712187, 
-0.024644792079925537, -0.1152348518371582, -0.0808851986993702, 0.14170968633369244, 0.17517857720173613, 0.8089441562851557, -0.2728936226066656, 0.24268572929972368, 1731705315754750630, 
-0.22920763492584229, -0.06582367420196533, -0.1841858138148326, 0.13552073988746322, 0.16597618501877548, 0.8165071384917837, -0.29039928757066086, 0.24161865696527426, 1731705315848683413, 
-0.446750283241272, 0.12986546754837036, -0.36606145068089424, 0.19187547963853818, 0.23667255433733503, 0.8107212945572619, -0.30958163120416815, 0.23895388838303386, 1731705315948840718, 
-0.059183359146118164, -0.3290296196937561, -0.15366360410925758, 0.06248767907602632, 0.08078388569327125, 0.7735166306964499, -0.329179066688784, 0.23442796624241136, 1731705316038268158, 
0.24746328592300415, 0.3387308716773987, 0.12825033609163503, 0.24083076854764462, 0.3002649117633853, 0.8020609771994406, -0.3431533350002416, 0.2302077017059467, 1731705316154672292, 
-0.4414333701133728, 0.20464086532592773, -0.26856738584934703, 0.24195248250784152, 0.30470854685230886, 0.7940456052422941, -0.37117695362598785, 0.21901494276474323, 1731705316248850533, 
0.2817572355270386, 1.2533904314041138, 0.11914233158821896, 0.6148138167222601, 0.685211812820516, 0.8972609713068448, -0.4087304982607254, 0.2006311640592182, 1731705316348873853, 
-0.023794054985046387, -0.40290528535842896, 0.014349087389906645, 0.1302846068607943, 0.22292521495009227, 0.5844318996842146, -0.45657377350748946, 0.17173784175725088, 1731705316459052986, 
0.25942033529281616, 0.06852453947067261, 0.18547822209085263, 0.17122175085149755, 0.2631999808734203, 0.6505386143391954, -0.4750195422845825, 0.1584846364358967, 1731705316538877304, 
0.007854819297790527, 0.38353431224823, 0.06277045479680682, 0.27351293072944055, 0.37287011874715237, 0.7335340564388666, -0.49759040503873875, 0.14017273956946, 1731705316648834495, 
0.032929182052612305, -0.6043522953987122, 0.03852810760046536, 0.03420613852459083, 0.05804161677805508, 0.5893381408617792, -0.517400571891003, 0.1215005670531617, 1731705316749110751, 
-0.3096240162849426, -0.37556958198547363, -0.20367184293978347, 0.055133883384619574, 0.08308341251254994, 0.6635967603797145, -0.5217279790329421, 0.11686568752778143, 1731705316838251899, 
-0.37567681074142456, 0.22355955839157104, -0.32117664720557315, 0.18571053086042083, 0.27709299311265834, 0.6702101297267956, -0.5318134449553175, 0.10490041548457474, 1731705316954693724, 
-0.1931474804878235, 0.26435333490371704, -0.23106830317453467, 0.23274148970007522, 0.3334071144961398, 0.6980699558610346, -0.5496597532484948, 0.08019186005774778, 1731705317048855728, 
-0.1080012321472168, 0.2308768630027771, -0.14507747297084242, 0.2294620984492631, 0.337478269991255, 0.6799314766405822, -0.567732936823129, 0.051155348295303445, 1731705317149801521, 
-0.3280619978904724, -0.11946845054626465, -0.27355425518441906, 0.12895995459849616, 0.22865976911101465, 0.5639818281102432, -0.5824234451302327, 0.02344775523624075, 1731705317259483444, 
0.25945067405700684, 0.8382471203804016, 0.10098963464066063, 0.3404373854307254, 0.5120552591537133, 0.6648450130038208, -0.5957665268762423, -0.005782147370616282, 1731705317338709694, 
-0.3539746403694153, 0.2480989694595337, -0.21712529051143165, 0.25793793686387434, 0.40192018908227445, 0.6417640712521498, -0.6126355671652681, -0.05018516882959417, 1731705317448705967, 
0.02352166175842285, 0.20165187120437622, -0.04980912525396186, 0.2162560087600576, 0.35607187871552176, 0.6073380732569226, -0.6242155706976158, -0.08784234500053356, 1731705317549869853, 
0.16836142539978027, 0.43901050090789795, 0.10290077462680058, 0.26223085329197765, 0.4235929192956446, 0.6190633538634647, -0.6330825308147361, -0.12462096587331245, 1731705317658857220, 
-0.6311329007148743, -0.06029200553894043, -0.4097598009533481, 0.15081138267348113, 0.29775665084246966, 0.5064920707791981, -0.639843359724799, -0.1628823059693379, 1731705317755085139, 
0.2645251154899597, 0.2989192605018616, 0.0609198554263824, 0.20755299019279522, 0.35875345220330845, 0.5785393531911528, -0.643607366018225, -0.19501014740906464, 1731705317848718939, 
0.2748751640319824, 0.44535577297210693, 0.21060123144331055, 0.26432000059591104, 0.428984088082817, 0.6161533910900748, -0.6460247281850395, -0.23277669954578759, 1731705317949871168, 
-0.3246484398841858, -0.16360878944396973, -0.1640880213339994, 0.12685270178107008, 0.2701889433001776, 0.46949627261444893, -0.6461840167568174, -0.2704360096977834, 1731705318038709570, 
-0.050806522369384766, -0.16815346479415894, -0.08533022740775072, 0.11572997970557303, 0.24100951860328196, 0.48018841901457193, -0.6447856997126726, -0.29682063550645, 1731705318155512154, 
0.2667388916015625, 0.3254925608634949, 0.16127922672693623, 0.19235781915688005, 0.36809266211959657, 0.5225798798846506, -0.6420053598191284, -0.32528904693516986, 1731705318249710143, 
-0.6798223853111267, 0.4176989793777466, -0.4240608452601046, 0.23737019332264928, 0.4224882516106533, 0.5618385657298686, -0.6362859780512444, -0.3636676999925837, 1731705318350146665, 
0.04797786474227905, 0.6839106678962708, -0.0938575055308406, 0.3238502877793831, 0.5190825216846253, 0.6238897944942599, -0.6269458021310481, -0.4093997929461442, 1731705318458409220, 
0.23124951124191284, -0.3783642649650574, 0.12961978771619742, 0.09384059528583626, 0.23847341291802004, 0.3935054819637098, -0.6158118941294874, -0.45100675376564814, 1731705318506432477, 
0.44014692306518555, 0.7080099582672119, 0.3481430352351675, 0.24392086510675856, 0.46082074689338437, 0.5293183233418789, -0.6065533338721317, -0.4796133111794526, 1731705318648869426, 
-0.020665109157562256, -0.34370702505111694, 0.08880375904783877, 0.09560214771958934, 0.25771178515760373, 0.3709653699427204, -0.5931681795417377, -0.5152246791034703, 1731705318746447449, 
-0.07899868488311768, 0.9484570622444153, -0.025395786100260845, 0.28656427242245314, 0.5149476549489747, 0.5564920427705382, -0.5797595360225051, -0.5466182683325124, 1731705318838736918, 
0.5952407717704773, -0.5657936930656433, 0.4036353049361157, 0.0595437024306859, 0.20915026765635408, 0.2846934077489187, -0.5622939164955855, -0.5828266788904839, 1731705318956796359, 
-0.3979293704032898, 0.7849614024162292, -0.15250733107038555, 0.22006105725027547, 0.43964273497982276, 0.5005451921328237, -0.5493185939546738, -0.6069717363803109, 1731705319049859827, 
0.9025169014930725, 0.09802532196044922, 0.5816303118059687, 0.16244496949890613, 0.3678661040546275, 0.4415872180351341, -0.52857248673227, -0.6423014743547355, 1731705319146936400, 
-0.4078053832054138, 0.8306726217269897, -0.10615994210308943, 0.32038668175319374, 0.5426082537460953, 0.5904567052588799, -0.5059707841066324, -0.676970466861643, 1731705319259663649, 
0.08977699279785156, 0.3770565986633301, 0.02966975810694103, 0.2494825274536965, 0.4736920255836071, 0.5266766463850099, -0.4753535575156242, -0.7191832209409257, 1731705319356832458, 
-0.09226065874099731, 0.5890136957168579, -0.05481947107169516, 0.2852489868143682, 0.515911744843217, 0.5529026808665772, -0.4445601515641279, -0.7569558226258064, 1731705319448732779, 
-0.4235624074935913, 0.2687870264053345, -0.3122954383805486, 0.21888508744607904, 0.4475109853818681, 0.48911668002809133, -0.4109559294464095, -0.7939556527750001, 1731705319547716711, 
-0.022133171558380127, -0.1577131152153015, -0.11146197067671487, 0.10997115777532585, 0.30301967737327906, 0.36291754624191064, -0.3816749753026829, -0.8229110612151173, 1731705319639769597, 
-0.20701974630355835, 0.3862634301185608, -0.17683727056092993, 0.18429938887699207, 0.40111483519442964, 0.45946789474305505, -0.35654127741139824, -0.8456591473663986, 1731705319756883472, 
-0.6817936301231384, -0.03695577383041382, -0.5290456047843729, 0.12537017580137824, 0.33137332098849587, 0.3783351521099994, -0.32674310654229494, -0.8705876450443417, 1731705319848770391, 
0.09400928020477295, 0.19717931747436523, -0.09422580154554094, 0.1512360102287214, 0.36618456710745395, 0.41300487189658763, -0.2983223150728396, -0.8923415248519508, 1731705319947444130, 
-0.2107650637626648, -0.2508503794670105, -0.17621387218300122, 0.08228089745355963, 0.2788218269877547, 0.2951020669453301, -0.27044575685554245, -0.9120249233406527, 1731705320059464384, 
0.3824736475944519, 0.037832558155059814, 0.2136266452116941, 0.11779306505579308, 0.33402918311766505, 0.3526430354269355, -0.24531126577592738, -0.9283806925482676, 1731705320157843514, 
0.05734366178512573, -0.05274754762649536, 0.10457051289522457, 0.11420691829844132, 0.3341592895787403, 0.34177388407312237, -0.2173338687603692, -0.9453569942315174, 1731705320248779846, 
0.31602728366851807, 0.542970597743988, 0.253017665048757, 0.20134674445043116, 0.4583091064882635, 0.4393252099946814, -0.18465008714438302, -0.963667742749251, 1731705320348015851, 
0.3446546196937561, -0.30653107166290283, 0.3149545841001004, 0.08703742801909146, 0.3034678768588077, 0.28680936157070336, -0.14991196497025022, -0.9814263010473787, 1731705320439468583, 
0.6844918727874756, 0.28594690561294556, 0.5729061538143982, 0.1440941981559532, 0.3910200914303823, 0.36850842530583344, -0.12102877514487813, -0.9947994031954878, 1731705320540748356, 
-0.026372134685516357, 0.12381291389465332, 0.15501233845118617, 0.1340612785346331, 0.394972996841689, 0.33941884535556444, -0.086440014336843, -1.009541701186317, 1731705320650734952, 
-0.20085448026657104, 0.5157309770584106, -0.09217812934620623, 0.1987987468879866, 0.47073266871511116, 0.4223177189520709, -0.04729957456004506, -1.0245786511419206, 1731705320747796287, 
-0.26207637786865234, -0.04510730504989624, -0.21156046988581673, 0.11084939981427326, 0.3603245268453924, 0.3076376753610125, -0.006070274808054829, -1.03872888752205, 1731705320860643110, 
0.07853245735168457, 0.7737593650817871, -0.007942993922250396, 0.2283380113550727, 0.48909594970297876, 0.4668572935305214, 0.03312404352449116, -1.050492506879697, 1731705320957712064, 
0.4461672306060791, -0.09324377775192261, 0.30695548529152955, 0.11173859412436234, 0.3598895683578337, 0.3104802249040518, 0.0755811060994813, -1.0616134898189162, 1731705321050712188, 
0.023304343223571777, 0.4748877286911011, 0.11014875861751788, 0.17516861189305305, 0.4587809135023829, 0.38181320699633514, 0.11322577521624087, -1.0698319745569578, 1731705321147696502, 
0.33482450246810913, 0.2843669652938843, 0.2663087979113591, 0.1634525729239222, 0.44021151279428294, 0.3713046301001807, 0.157027477803555, -1.0778407233547809, 1731705321239890968, 
0.12180948257446289, 0.7938827872276306, 0.16649599678530114, 0.2584118017548888, 0.5436646002868128, 0.4753147466628551, 0.20331444463089587, -1.0845023736793424, 1731705321358997769, 
0.24448245763778687, 0.02441120147705078, 0.21917526535003268, 0.1348419876523785, 0.4054013147669252, 0.33261359236070154, 0.25180650538607724, -1.089497041371195, 1731705321449697343, 
0.10684919357299805, 0.9836448431015015, 0.14238157657969358, 0.29885577159192067, 0.5584287051955035, 0.5351726528586895, 0.2962995039892452, -1.0921151375865468, 1731705321548712190, 
-0.5501808524131775, -0.14142149686813354, -0.3421529975655374, 0.1177380210236029, 0.36056924597936024, 0.32653373058428414, 0.3452220418773068, -1.0931283458658063, 1731705321639277684, 
-0.06604456901550293, 0.21615487337112427, -0.14931337479672413, 0.12898442622992576, 0.37910315975953385, 0.34023569286982713, 0.382930355385678, -1.092152356389268, 1731705321758701064, 
-0.1238059401512146, 0.0025814175605773926, -0.13171316744492048, 0.11000159835366748, 0.34881620576078926, 0.3153569029677028, 0.4202499369125112, -1.0899400523159317, 1731705321849703111, 
0.23831820487976074, 0.559840202331543, 0.12724327921764525, 0.18500584310593088, 0.45684074771269795, 0.40496791066080423, 0.4591419343847998, -1.0863408430713493, 1731705321948196865, 
-0.26527631282806396, -0.38244861364364624, -0.1479201064734709, 0.05693483333011195, 0.29687024993167066, 0.19178355979831727, 0.49860201404863586, -1.0813577462689867, 1731705322039298025, 
0.3792959451675415, 0.6233725547790527, 0.22067963767135432, 0.15704894639588923, 0.41718220558700325, 0.3764516901551706, 0.5319199899409381, -1.0759467598715395, 1731705322158995458, 
-0.13727504014968872, -0.21646153926849365, -0.029776898116952916, 0.08193409111663764, 0.3255315851879018, 0.251693214559638, 0.5689629690370135, -1.0690290282449166, 1731705322249752250, 
1.1200644969940186, 0.12224215269088745, 0.7715610960964941, 0.11205018699658385, 0.37788261407631224, 0.2965211492211062, 0.6016977598088705, -1.061737005340382, 1731705322348720098, 
-0.21856844425201416, -0.5081252455711365, 0.08037728428348445, 0.041947832746078384, 0.29587806548632867, 0.1417740537039459, 0.6333589939569969, -1.0538533174236957, 1731705322438612450, 
0.12444061040878296, 0.2619594931602478, 0.11170098100016121, 0.09768125951766785, 0.3641059766450254, 0.2682770011569993, 0.6638398633368574, -1.0454045273533106, 1731705322510041218, 
0.1774667501449585, 0.0316697359085083, 0.15741837875409972, 0.10254032416394936, 0.3670458975716853, 0.2793664902464218, 0.6983331499724177, -1.0351716441564491, 1731705322648721718, 
-0.16373324394226074, 0.7303637266159058, -0.06516090421598897, 0.20375225802324815, 0.48605201904553047, 0.4191984603280947, 0.7372728744077425, -1.0224376063344018, 1731705322748713915, 
-0.26389050483703613, -0.5874960422515869, -0.20591976969496067, 0.03171373209918305, 0.2530405264162904, 0.1253306438629878, 0.7751391925617431, -1.0087751176758013, 1731705322839322152, 
-0.4974057674407959, -0.542995810508728, -0.40828371686628995, 0.048222472833255946, 0.2922801107841586, 0.16498718542250385, 0.8009465645046248, -0.9985065775869599, 1731705322958258872, 
0.24180591106414795, 0.46268266439437866, 0.04581994258822564, 0.12305831539076255, 0.3853913484085024, 0.31930741543353147, 0.8322012209918888, -0.98549790697312, 1731705323049913788, 
0.053528010845184326, 0.21932584047317505, 0.051315114462765266, 0.12068143360679241, 0.40266859648618897, 0.29970411067536934, 0.8679800269036548, -0.9697237110730035, 1731705323148769603, 
0.15368807315826416, 0.058878302574157715, 0.1223800859457463, 0.10637474250221696, 0.3858985369113011, 0.2756546924319312, 0.9034547946453791, -0.9527287238828536, 1731705323239136570, 
-0.19237935543060303, -0.012079119682312012, -0.09711801834765614, 0.09850294010929743, 0.36930262652381474, 0.26672688747569845, 0.9369978525732019, -0.9354381243620481, 1731705323359742424, 
0.06748390197753906, 0.1675223708152771, 0.017871123583454593, 0.11037852189829302, 0.39448558273330586, 0.27980369050119386, 0.9704395559536885, -0.9170387025165596, 1731705323448742399, 
-0.3984348177909851, -0.1609928011894226, -0.2725668069556437, 0.07525093193500743, 0.34646152955979465, 0.21719852137874984, 1.0032082500900579, -0.8978565125464022, 1731705323548172232, 
-0.3365352749824524, 0.26174628734588623, -0.3164502688193397, 0.12153889513350148, 0.38257053829493626, 0.3176901589839705, 1.0346369831834041, -0.8782999776050715, 1731705323639338401, 
-0.40354377031326294, -0.31706947088241577, -0.3777039218202205, 0.05947181258400419, 0.2933806856926282, 0.2027120921188117, 1.0649354927123789, -0.8584461483963858, 1731705323759763239, 
-0.09182411432266235, 0.5592010021209717, -0.1770570600365945, 0.13914249977774107, 0.4051911323785595, 0.3433996666238585, 1.093450602401987, -0.8385642931453066, 1731705323850900968, 
-0.23739004135131836, -0.18454813957214355, -0.2198016275388245, 0.07550855163421342, 0.31712138859566474, 0.23810614594176155, 1.123985486176244, -0.8161523764766092, 1731705323949743723, 
0.6599395871162415, 0.1706712245941162, 0.3936846508224049, 0.11104311153632661, 0.37459749061739717, 0.29643314308728985, 1.1506833839491428, -0.7952303224388715, 1731705324039102529, 
-0.4185023307800293, 0.17082500457763672, -0.17208185017990874, 0.12208674116319446, 0.3989419696289696, 0.30602631574897854, 1.1796718651240405, -0.7713010115034908, 1731705324159788208, 
-0.25524479150772095, -0.38946884870529175, -0.23094512024894365, 0.04988961485239479, 0.2913090627143069, 0.17126008503663553, 1.2072514036500466, -0.747156024702698, 1731705324250876896, 
0.09512871503829956, 0.29157012701034546, -0.0028479970315968828, 0.11096727726764696, 0.3650406158966262, 0.3039861112306231, 1.230992762156434, -0.7251818874176622, 1731705324350101739, 
-0.30885958671569824, -0.22142326831817627, -0.2166197238037835, 0.06931562521487765, 0.3003178641490891, 0.23080753258309922, 1.2556493906573463, -0.7014069586585392, 1731705324439927419, 
0.1510736346244812, 0.2520725727081299, 0.04048460699595366, 0.10975745570863352, 0.37931328298917427, 0.2893583236624119, 1.279221580318403, -0.6773748347046267, 1731705324560013505, 
-0.4599645137786865, 0.6435474157333374, -0.3070969496887608, 0.20389841250492582, 0.47348261792068447, 0.43063547591325074, 1.3077198682196536, -0.6467518440226423, 1731705324650047894, 
0.3936200737953186, -0.121279776096344, 0.17982520714153688, 0.09902946327509995, 0.3410147736122825, 0.2903964019684723, 1.3358778705036685, -0.6144134183025602, 1731705324749915202, 
-0.19185703992843628, 0.7710440754890442, -0.07759084196977262, 0.20651273572162845, 0.4934451446584604, 0.4185120432476175, 1.360471697093255, -0.5839067360583238, 1731705324858834029, 
